Facade,Approach,Window IoU,Window Precision,Window Recall,Window F1,Overall IoU,Overall Precision,Overall Recall,Overall F1
facade3,UNet,0.27125165075934926,0.9581491813380859,0.2745039599675001,0.4267473722851311,0.2732900971033975,0.9568257010818186,0.27670225448581165,0.42926603717872125
facade3,MaskRCNN,0.31766980217461555,0.5731104081152447,0.41613639297456956,0.48216905573496033,0.5887088711502133,0.6572284556188684,0.8495516086656084,0.7411161123370851
facade3,Fusion (before boxes),0.4486534059226945,0.7333182731705795,0.5361275846096603,0.6194075188075645,0.45019650186974497,0.7335315165674454,0.5382176729211119,0.6208765519071446
facade3,Fusion (after boxes),0.5000037544922499,0.7053241927488273,0.6320324542686399,0.6666700039349078,0.5000037544922499,0.7053241927488273,0.6320324542686399,0.6666700039349078
