Facade,Approach,Window IoU,Window Precision,Window Recall,Window F1,Overall IoU,Overall Precision,Overall Recall,Overall F1
facade2,UNet,0.05755656766971993,0.6393200781778544,0.0594882224003903,0.10884820617833606,0.0576441219364466,0.6396705076154042,0.05957871507398104,0.10900476016953971
facade2,MaskRCNN,0.3873007763438642,0.6069148644078322,0.5169842070612264,0.5583515599697252,0.43571545077171414,0.5743890665328418,0.643461051865854,0.6069663045023782
facade2,Fusion (before boxes),0.3693883541006462,0.5957277640919385,0.49296080661759367,0.5394939323977448,0.3720924688235323,0.5953097274849573,0.4980808558595973,0.5423722923113818
facade2,Fusion (after boxes),0.4239847565871401,0.5977176783036299,0.5932800228024051,0.5954905831544208,0.4239847565871401,0.5977176783036299,0.5932800228024051,0.5954905831544208
