Facade,Approach,Window IoU,Window Precision,Window Recall,Window F1,Overall IoU,Overall Precision,Overall Recall,Overall F1
facade1,UNet,0.20628415836106948,0.8172765788542681,0.21625801820298182,0.3420158623675876,0.21363931509663223,0.8197738886476736,0.224168109300088,0.35206393270006614
facade1,MaskRCNN,0.36515410657128616,0.5795718163014997,0.4967319843588246,0.5349639352504731,0.52224302470449,0.6223457502824175,0.7645298034898106,0.6861493417165975
facade1,Fusion (before boxes),0.4415786783199462,0.7384358796461818,0.5234537717234108,0.6126320885927367,0.4573358248062443,0.7394625027872062,0.5451839180660325,0.6276327212795278
facade1,Fusion (after boxes),0.4761419765509548,0.6909195966351146,0.6050091763815146,0.6451167761338674,0.4923954576295397,0.693137867002062,0.6296541195993718,0.6598726297042161
