Approach,Overall IoU,Window IoU
UNet,0.21363931509663223,0.20628415836106948
MaskRCNN,0.52224302470449,0.36515410657128616
Fusion (before boxes),0.4573358248062443,0.4415786783199462
Fusion (after boxes),0.4923954576295397,0.4761419765509548
