Facade,Approach,Window IoU,Overall IoU
facade2,UNet,0.05755656766971993,0.0576441219364466
facade2,MaskRCNN,0.3873007763438642,0.43571545077171414
facade2,Fusion (before boxes),0.3693883541006462,0.3720924688235323
facade2,Fusion (after boxes),0.4239847565871401,0.4239847565871401
