Facade,Approach,Window IoU,Overall IoU
facade1,UNet,0.20628415836106948,0.21363931509663223
facade1,MaskRCNN,0.36515410657128616,0.52224302470449
facade1,Fusion (before boxes),0.4415786783199462,0.4573358248062443
facade1,Fusion (after boxes),0.4761419765509548,0.4923954576295397
