Facade,Approach,Window IoU,Overall IoU
facade3,UNet,0.2712516507593493,0.2732900971033976
facade3,MaskRCNN,0.31766980217461555,0.5887088711502134
facade3,Fusion (before boxes),0.44865340592269454,0.4501965018697451
facade3,Fusion (after boxes),0.50000375449225,0.50000375449225
